                  epoch,         train/box_loss,         train/cls_loss,         train/dfl_loss,   metrics/precision(B),      metrics/recall(B),       metrics/mAP50(B),    metrics/mAP50-95(B),           val/box_loss,           val/cls_loss,           val/dfl_loss,                 lr/pg0,                 lr/pg1,                 lr/pg2
                      1,                0.62412,                  4.787,                 1.1784,                      0,                      0,                      0,                      0,                 1.3269,                 4.8224,                 1.2675,                      0,                      0,                      0
                      2,                0.90217,                 4.9964,                 1.3153,                      0,                      0,                      0,                      0,                 1.3274,                 4.8212,                 1.2665,             1.1861e-06,             1.1861e-06,             1.1861e-06
                      3,                 1.0892,                 5.0924,                 1.4024,                      0,                      0,                      0,                      0,                 1.3353,                 4.8194,                 1.2698,             2.3643e-06,             2.3643e-06,             2.3643e-06
                      4,                0.74318,                 4.6862,                 1.1882,                      0,                      0,                      0,                      0,                 1.3362,                 4.8169,                 1.2732,             3.5347e-06,             3.5347e-06,             3.5347e-06
                      5,                0.85568,                 4.9024,                 1.3835,                      0,                      0,                      0,                      0,                  1.339,                 4.8156,                 1.2725,             4.6972e-06,             4.6972e-06,             4.6972e-06
