                  epoch,         train/box_loss,         train/cls_loss,         train/dfl_loss,   metrics/precision(B),      metrics/recall(B),       metrics/mAP50(B),    metrics/mAP50-95(B),           val/box_loss,           val/cls_loss,           val/dfl_loss,                 lr/pg0,                 lr/pg1,                 lr/pg2
                      1,                 0.9714,                 1.6285,                 1.2784,                0.60343,                   0.95,                0.91198,                0.59776,                 1.6285,                 1.1455,                 1.4388,                      0,                      0,                      0
                      2,                 1.1416,                 2.2484,                 1.5421,                0.60057,                   0.95,                0.91156,                0.60168,                 1.6291,                 1.1513,                 1.4349,             9.5438e-07,             9.5438e-07,             9.5438e-07
                      3,                 0.9929,                 1.8258,                 1.3853,                0.56718,                   0.95,                 0.9097,                 0.6174,                 1.6395,                 1.1655,                 1.4458,             1.4375e-06,             1.4375e-06,             1.4375e-06
                      4,                 1.0067,                 1.7724,                 1.4055,                0.57059,                   0.95,                0.91134,                0.61803,                 1.6361,                 1.1752,                 1.4481,             1.4494e-06,             1.4494e-06,             1.4494e-06
                      5,                0.99146,                 1.1671,                 1.3232,                0.57352,                   0.95,                0.90965,                0.60088,                  1.626,                 1.1801,                 1.4428,             9.9008e-07,             9.9008e-07,             9.9008e-07
